DOSE,+18
18+ met minstens eerste dosis,89.89721706187652
18+ volledig gevaccineerd,89.11084408101712
18+ met boosterprik,75.22171509187201
18+ die nog geen prik kreeg,10.102782938123484
18+ met 2de boosterprik,2.623194234929824
