DOSE,+18
18+ met minstens eerste dosis,89.87712827159523
18+ volledig gevaccineerd,89.09229724112498
18+ met boosterprik,75.13652776227381
18+ die nog geen prik kreeg,10.122871728404768
18+ met 2de boosterprik,2.5827777606449955
