DOSE,+18
18+ met minstens eerste dosis,89.92551510915922
18+ volledig gevaccineerd,89.14051033780007
18+ met boosterprik,75.35487662442301
18+ die nog geen prik kreeg,10.07448489084077
18+ met 2de boosterprik,3.784771524215788
