DOSE,+18
18+ met minstens eerste dosis,89.92321304238105
18+ volledig gevaccineerd,89.13760017791067
18+ met boosterprik,75.34342058455991
18+ die nog geen prik kreeg,10.076786957618951
18+ met 2de boosterprik,3.579094888152131
