DOSE,+18
18+ met minstens eerste dosis,89.90487251979452
18+ volledig gevaccineerd,89.11810862193505
18+ met boosterprik,75.25511677776673
18+ die nog geen prik kreeg,10.095127480205484
18+ met 2de boosterprik,2.6636215680202096
