DOSE,+18
18+ met minstens eerste dosis,89.91769676915786
18+ volledig gevaccineerd,89.13220335154863
18+ met boosterprik,75.31042067447082
18+ die nog geen prik kreeg,10.082303230842134
18+ met 2de boosterprik,3.085573034371594
