DOSE,+18
18+ met minstens eerste dosis,89.92903336215984
18+ volledig gevaccineerd,89.14468011913412
18+ met boosterprik,75.38454288120597
18+ die nog geen prik kreeg,10.070966637840158
18+ met 2de boosterprik,4.349614012897654
