DOSE,+18
18+ met minstens eerste dosis,89.89526247687617
18+ volledig gevaccineerd,89.10904151929458
18+ met boosterprik,75.21433110409295
18+ die nog geen prik kreeg,10.104737523123825
18+ met 2de boosterprik,2.6193502177624866
