DOSE,+18
18+ met minstens eerste dosis,89.85889633706428
18+ volledig gevaccineerd,89.07383727167732
18+ met boosterprik,75.06627129031712
18+ die nog geen prik kreeg,10.141103662935725
18+ met 2de boosterprik,2.509252788215503
