DOSE,+18
18+ met minstens eerste dosis,91.13074479678615
18+ volledig gevaccineerd,90.33351301036929
18+ met boosterprik,76.36158562884863
18+ die nog geen prik kreeg,8.869255203213859
18+ met 2de boosterprik,5.818842981237287
