DOSE,+18
18+ met minstens eerste dosis,89.86679068870454
18+ volledig gevaccineerd,89.08194879942874
18+ met boosterprik,75.09535117159997
18+ die nog geen prik kreeg,10.13320931129546
18+ met 2de boosterprik,2.5416880404156057
