DOSE,+18
18+ met minstens eerste dosis,91.11407653025545
18+ volledig gevaccineerd,90.31611720386626
18+ met boosterprik,76.24993539010694
18+ die nog geen prik kreeg,8.885923469744544
18+ met 2de boosterprik,5.190183292294288
