DOSE,+18
18+ met minstens eerste dosis,89.93638477352224
18+ volledig gevaccineerd,89.15355176327456
18+ met boosterprik,75.4303453230473
18+ die nog geen prik kreeg,10.063615226477763
18+ met 2de boosterprik,4.986776146592137
