DOSE,+18
18+ met minstens eerste dosis,91.13914951228762
18+ volledig gevaccineerd,90.34145079723179
18+ met boosterprik,76.41341470777434
18+ die nog geen prik kreeg,8.860850487712394
18+ met 2de boosterprik,5.954078545649767
