DOSE,+18
18+ met minstens eerste dosis,89.85613820045269
18+ volledig gevaccineerd,89.07098140581571
18+ met boosterprik,75.05350133498155
18+ die nog geen prik kreeg,10.143861799547318
18+ met 2de boosterprik,2.4981333713246743
