DOSE,+18
18+ met minstens eerste dosis,91.1203963550899
18+ volledig gevaccineerd,90.32362063850645
18+ met boosterprik,76.2947062454203
18+ die nog geen prik kreeg,8.879603644910109
18+ met 2de boosterprik,5.57901540169545
