DOSE,+18
18+ met minstens eerste dosis,89.90851021965625
18+ volledig gevaccineerd,89.12201779193573
18+ met boosterprik,75.26407529235162
18+ die nog geen prik kreeg,10.091489780343737
18+ met 2de boosterprik,2.6787587429672945
