DOSE,+18
18+ met minstens eerste dosis,91.1175622068394
18+ volledig gevaccineerd,90.32029784400586
18+ met boosterprik,76.27971023494547
18+ die nog geen prik kreeg,8.882437793160602
18+ met 2de boosterprik,5.48615089656814
