DOSE,+18
18+ met minstens eerste dosis,89.85231590089646
18+ volledig gevaccineerd,89.06708309462059
18+ met boosterprik,75.03160998297773
18+ die nog geen prik kreeg,10.147684099103541
18+ met 2de boosterprik,2.4743525871538594
