DOSE,+18
18+ met minstens eerste dosis,89.88617365662459
18+ volledig gevaccineerd,89.10082140348759
18+ met boosterprik,75.17706368341977
18+ die nog geen prik kreeg,10.113826343375413
18+ met 2de boosterprik,2.6013788945649075
