DOSE,+18
18+ met minstens eerste dosis,89.93190008682701
18+ volledig gevaccineerd,89.1482852425792
18+ met boosterprik,75.40145004145892
18+ die nog geen prik kreeg,10.068099913172992
18+ met 2de boosterprik,4.599279670274541
