DOSE,+18
18+ met minstens eerste dosis,89.8490365416181
18+ volledig gevaccineerd,89.06328251267549
18+ met boosterprik,75.01902462733665
18+ die nog geen prik kreeg,10.15096345838189
18+ met 2de boosterprik,2.4597040584568597
