DOSE,+18
18+ met minstens eerste dosis,89.87952806762343
18+ volledig gevaccineerd,89.09489249565323
18+ met boosterprik,75.14710423888677
18+ die nog geen prik kreeg,10.12047193237657
18+ met 2de boosterprik,2.5876316467291756
