DOSE,+18
18+ met minstens eerste dosis,91.12726997900775
18+ volledig gevaccineerd,90.33036395675764
18+ met boosterprik,76.33460149703836
18+ die nog geen prik kreeg,8.872730020992243
18+ met 2de boosterprik,5.744796786141037
