DOSE,+18
18+ met minstens eerste dosis,91.13775958517625
18+ volledig gevaccineerd,90.33993056445374
18+ met boosterprik,76.40290338399473
18+ die nog geen prik kreeg,8.862240414823747
18+ met 2de boosterprik,5.921730163894124
