DOSE,+18
18+ met minstens eerste dosis,91.12380602003492
18+ volledig gevaccineerd,90.32712803270151
18+ met boosterprik,76.31946432209128
18+ die nog geen prik kreeg,8.87619397996507
18+ met 2de boosterprik,5.701100952577859
