DOSE,+18
18+ met minstens eerste dosis,89.88973534484744
18+ volledig gevaccineerd,89.10420935082152
18+ met boosterprik,75.1880310770328
18+ die nog geen prik kreeg,10.11026465515257
18+ met 2de boosterprik,2.608230800871658
