DOSE,+18
18+ met minstens eerste dosis,89.8713948222609
18+ volledig gevaccineerd,89.08741077862413
18+ met boosterprik,75.10926130151906
18+ die nog geen prik kreeg,10.128605177739102
18+ met 2de boosterprik,2.5546751718623155
