DOSE,+18
18+ met minstens eerste dosis,91.13406759128672
18+ volledig gevaccineerd,90.33722672186994
18+ met boosterprik,76.37788469599036
18+ die nog geen prik kreeg,8.86593240871328
18+ met 2de boosterprik,5.851842891326377
