DOSE,COUNT
Eerste dosis,80.2821189875602
Volledig gevaccineerd,79.44025633356415
Boosterprik,62.33030686459215
2de boosterprik,4.657138408216201
Ongevaccineerd,19.717881012439808
