DOSE,COUNT
Eerste dosis,80.29211791302289
Volledig gevaccineerd,79.44999487034292
Boosterprik,62.383018213841254
2de boosterprik,4.765269149027214
Ongevaccineerd,19.70788208697711
