DOSE,COUNT
Eerste dosis,80.21648367996565
Volledig gevaccineerd,79.36290353519301
Boosterprik,62.006478817640954
2de boosterprik,2.1408116037529994
Ongevaccineerd,19.78351632003436
