DOSE,COUNT
Eerste dosis,80.15300959844767
Volledig gevaccineerd,79.29146155994694
Boosterprik,61.7913456869826
2de boosterprik,2.0073537236189374
Ongevaccineerd,19.846990401552333
