DOSE,COUNT
Eerste dosis,80.24918849866654
Volledig gevaccineerd,79.39851602753107
Boosterprik,62.14345194500799
2de boosterprik,3.488843820429714
Ongevaccineerd,19.75081150133345
