DOSE,COUNT
Eerste dosis,80.17963000156753
Volledig gevaccineerd,79.3274385964425
Boosterprik,61.88722948002636
2de boosterprik,2.075775190131477
Ongevaccineerd,19.82036999843246
