DOSE,COUNT
Eerste dosis,80.24151571211358
Volledig gevaccineerd,79.38869069452433
Boosterprik,62.10100858952832
2de boosterprik,2.8728683497381096
Ongevaccineerd,19.758484287886425
