DOSE,COUNT
Eerste dosis,80.26921238846035
Volledig gevaccineerd,79.42615194651825
Boosterprik,62.256530070813575
2de boosterprik,4.465318744391879
Ongevaccineerd,19.730787611539665
