DOSE,COUNT
Eerste dosis,80.20565151071438
Volledig gevaccineerd,79.35232307500287
Boosterprik,61.97167353022306
2de boosterprik,2.1083237756220297
Ongevaccineerd,19.794348489285614
