DOSE,COUNT
Eerste dosis,80.14762823231322
Volledig gevaccineerd,79.28412727868307
Boosterprik,61.76457773027517
2de boosterprik,1.988093640631328
Ongevaccineerd,19.852371767686773
