DOSE,COUNT
Eerste dosis,80.15672447700499
Volledig gevaccineerd,79.29668669287102
Boosterprik,61.80627463819426
2de boosterprik,2.016380531328317
Ongevaccineerd,19.84327552299501
