DOSE,COUNT
Eerste dosis,80.28546064233723
Volledig gevaccineerd,79.44393649363029
Boosterprik,62.346173215065946
2de boosterprik,4.683507102274946
Ongevaccineerd,19.71453935766278
