DOSE,COUNT
Eerste dosis,80.25851041355104
Volledig gevaccineerd,79.4111882768154
Boosterprik,62.18916751828233
2de boosterprik,3.9982682416594466
Ongevaccineerd,19.741489586448957
