DOSE,COUNT
Eerste dosis,80.22040686947011
Volledig gevaccineerd,79.36680936545187
Boosterprik,62.015201838552414
2de boosterprik,2.152919677555485
Ongevaccineerd,19.779593130529896
