DOSE,COUNT
Eerste dosis,80.2775969040827
Volledig gevaccineerd,79.4356040557447
Boosterprik,62.30184638143922
2de boosterprik,4.597899982623395
Ongevaccineerd,19.722403095917297
