DOSE,COUNT
Eerste dosis,80.27424656968287
Volledig gevaccineerd,79.43247939153761
Boosterprik,62.28650948795607
2de boosterprik,4.562955821240738
Ongevaccineerd,19.725753430317123
