DOSE,COUNT
Eerste dosis,80.19127805536176
Volledig gevaccineerd,79.33901721325434
Boosterprik,61.92692139507925
2de boosterprik,2.0907475394571313
Ongevaccineerd,19.80872194463824
