DOSE,COUNT
Eerste dosis,80.29046878469137
Volledig gevaccineerd,79.44818082917826
Boosterprik,62.37270682195785
2de boosterprik,4.739386513845126
Ongevaccineerd,19.709531215308633
