DOSE,COUNT
Eerste dosis,80.26065428038203
Volledig gevaccineerd,79.41383556176862
Boosterprik,62.20384476043286
2de boosterprik,4.154423335408921
Ongevaccineerd,19.73934571961798
