DOSE,COUNT
Eerste dosis,80.14387863526473
Volledig gevaccineerd,79.27838136839114
Boosterprik,61.75092468361473
2de boosterprik,1.9763067128723493
Ongevaccineerd,19.856121364735284
