DOSE,COUNT
Eerste dosis,80.232454185913
Volledig gevaccineerd,79.37958577020976
Boosterprik,62.06306127865773
2de boosterprik,2.478257978873451
Ongevaccineerd,19.767545814086994
