DOSE,COUNT
Eerste dosis,80.17167946708504
Volledig gevaccineerd,79.31767402079534
Boosterprik,61.85433370962391
2de boosterprik,2.0531387338756475
Ongevaccineerd,19.828320532914955
