DOSE,COUNT
Eerste dosis,80.25273846439072
Volledig gevaccineerd,79.40292527591218
Boosterprik,62.159839072849635
2de boosterprik,3.688449105903376
Ongevaccineerd,19.74726153560928
