DOSE,COUNT
Eerste dosis,80.18233804388035
Volledig gevaccineerd,79.33040702743924
Boosterprik,61.897202366620675
2de boosterprik,2.079689700013141
Ongevaccineerd,19.817661956119643
