DOSE,COUNT
Eerste dosis,80.20336009029585
Volledig gevaccineerd,79.35029204326827
Boosterprik,61.964174336126035
2de boosterprik,2.1051991114149367
Ongevaccineerd,19.796639909704147
