DOSE,COUNT
Eerste dosis,80.2662179185952
Volledig gevaccineerd,79.42241970871532
Boosterprik,62.23924026220099
2de boosterprik,4.39103853249104
Ongevaccineerd,19.733782081404794
