DOSE,COUNT
Eerste dosis,80.24396336574246
Volledig gevaccineerd,79.39168516438944
Boosterprik,62.112639284076934
2de boosterprik,3.0373124832591776
Ongevaccineerd,19.756036634257534
