DOSE,COUNT
Eerste dosis,80.22746340280446
Volledig gevaccineerd,79.3739526950142
Boosterprik,62.0442004583188
2de boosterprik,2.2844940795424935
Ongevaccineerd,19.772536597195543
