DOSE,COUNT
Eerste dosis,80.16680151907286
Volledig gevaccineerd,79.31070428368896
Boosterprik,61.8395696712454
2de boosterprik,2.0426277106678987
Ongevaccineerd,19.833198480927138
