DOSE,COUNT
Eerste dosis,80.19534011883098
Volledig gevaccineerd,79.34277548992564
Boosterprik,61.93765808847973
2de boosterprik,2.096233061065139
Ongevaccineerd,19.80465988116902
