REGION,Regio,Minstens één dosis,Volledig gevaccineerd,Boosterprik
Brussels,Brussel,76.55093036232935,75.23773926136442,49.26626691387385
Flanders,Vlaanderen,94.96341184861296,94.37263137285979,85.38746894272408
Ostbelgien,Duitstalige gebieden,82.57345009201092,81.6961736150771,65.81477251094613
Wallonia,Wallonië,86.43469922369854,85.62528271098165,67.75470762224035
