REGION,Regio,Minstens één dosis,Volledig gevaccineerd,Boosterprik
Brussels,Brussel,75.54851299796594,74.24156913736199,48.111692186820015
Flanders,Vlaanderen,93.72552127277729,93.14667424938119,84.25759475673938
Ostbelgien,Duitstalige gebieden,81.35985785900121,80.50161812297735,64.86452186052415
Wallonia,Wallonië,85.16188330254337,84.3678265391103,66.72718971545008
