REGION,Regio,Minstens één dosis,Volledig gevaccineerd,Boosterprik
Brussels,Brussel,76.47903415546311,75.16224294988336,48.78533529150788
Flanders,Vlaanderen,94.93540552761243,94.34598621126872,85.30063443080695
Ostbelgien,Duitstalige gebieden,82.50999428897772,81.63906339234724,65.63075068214988
Wallonia,Wallonië,86.41546430831103,85.6050966184596,67.55559454207514
