REGION,Regio,Minstens één dosis,Volledig gevaccineerd,Boosterprik
Brussels,Brussel,75.35590740107388,74.03742202861659,47.39876558765884
Flanders,Vlaanderen,93.6583023731721,93.0854966600318,84.0829747859204
Ostbelgien,Duitstalige gebieden,81.28529729043721,80.42388476426169,64.50599657338664
Wallonia,Wallonië,85.11066065240888,84.31205937599961,66.40900334955266
