REGION,Regio,Minstens één dosis,Volledig gevaccineerd,Boosterprik
Brussels,Brussel,76.54690671599515,75.23318618788099,49.25038409939677
Flanders,Vlaanderen,94.96246090162826,94.3714753196627,85.38500766817543
Ostbelgien,Duitstalige gebieden,82.57186369693508,81.69300082492545,65.79414937496034
Wallonia,Wallonië,86.4329377845605,85.62383833088846,67.73131571048705
