REGION,Regio,Minstens één dosis,Volledig gevaccineerd,Boosterprik
Brussels,Brussel,75.4330978794325,74.12340099765252,47.668349892049804
Flanders,Vlaanderen,93.68606629592165,93.11076201619407,84.15910648275477
Ostbelgien,Duitstalige gebieden,81.31067961165049,80.46671743130909,64.68684561203122
Wallonia,Wallonië,85.13355936120352,84.33710704054269,66.5411465136892
