REGION,Regio,Minstens één dosis,Volledig gevaccineerd,Boosterprik
Brussels,Brussel,76.48919915672843,75.17526685775458,48.85659618579505
Flanders,Vlaanderen,94.93973140409186,94.35044260988332,85.32084671573678
Ostbelgien,Duitstalige gebieden,82.51158068405356,81.64223618249889,65.65137381813567
Wallonia,Wallonië,86.41782463675602,85.6084433528219,67.58937894474295
