REGION,Regio,Minstens één dosis,Volledig gevaccineerd,Boosterprik
Brussels,Brussel,75.47121663417748,74.15908438751102,47.777623655652114
Flanders,Vlaanderen,93.69533336751769,93.11877980449648,84.17991544030244
Ostbelgien,Duitstalige gebieden,81.33130274763627,80.4778221968399,64.74712862491275
Wallonia,Wallonië,85.14359956429041,84.34700632849854,66.59483517861698
