REGION,Regio,Minstens één dosis,Volledig gevaccineerd,Boosterprik
Brussels,Brussel,75.52098278620566,74.20376803890653,47.959111282410205
Flanders,Vlaanderen,93.71047393519576,93.13205577024375,84.2215520014171
Ostbelgien,Duitstalige gebieden,81.34875309347039,80.49051335744653,64.82327558855258
Wallonia,Wallonië,85.1544500293808,84.358878428289,66.66902699511166
