REGION,Regio,Minstens één dosis,Volledig gevaccineerd,Boosterprik
Brussels,Brussel,75.40779126169902,74.09629432761163,47.57855904753938
Flanders,Vlaanderen,93.67894351654601,93.10563436088438,84.13503447182819
Ostbelgien,Duitstalige gebieden,81.30909321657465,80.45561266577829,64.63608096960468
Wallonia,Wallonië,85.12630223195477,84.32907487807319,66.49704007767242
