REGION,Regio,Minstens één dosis,Volledig gevaccineerd,Boosterprik
Brussels,Brussel,75.57720794945453,74.27968789210698,48.29593283475414
Flanders,Vlaanderen,93.73853619425422,93.15929760445268,84.313700628837
Ostbelgien,Duitstalige gebieden,81.37730820483533,80.51906846881147,64.92480487340568
Wallonia,Wallonië,85.1700916089267,84.37670419236606,66.79740067949275
