REGION,Regio,Minstens één dosis,Volledig gevaccineerd,Boosterprik
Brussels,Brussel,75.39593209355613,74.0821056800121,47.53429893786325
Flanders,Vlaanderen,93.67394638337147,93.0998168028603,84.12597250644454
Ostbelgien,Duitstalige gebieden,81.30750682149882,80.4460942953233,64.59642109270894
Wallonia,Wallonië,85.12341347176836,84.32604520275574,66.48583732475441
