REGION,Regio,Minstens één dosis,Volledig gevaccineerd,Boosterprik
Brussels,Brussel,75.53866565299016,74.22610986460431,48.05536113814131
Flanders,Vlaanderen,93.72022580329383,93.14134148785911,84.24435608303072
Ostbelgien,Duitstalige gebieden,81.35509867377372,80.50161812297735,64.85976267529665
Wallonia,Wallonië,85.15945251653287,84.36486732135836,66.71168905103522
