REGION,Regio,Minstens één dosis,Volledig gevaccineerd,Boosterprik
Brussels,Brussel,75.49927627308699,74.18142621320878,47.86794392731177
Flanders,Vlaanderen,93.70176624417894,93.12437361028887,84.20003449513572
Ostbelgien,Duitstalige gebieden,81.33923472301542,80.48734056729488,64.77727013135352
Wallonia,Wallonië,85.14979983005635,84.35394639870245,66.63334023817475
