REGION,Regio,Minstens één dosis,Volledig gevaccineerd,Boosterprik
Brussels,Brussel,75.42377996160594,74.11154182950963,47.6326665021913
Flanders,Vlaanderen,93.68442544622255,93.10949408688113,84.15575019927934
Ostbelgien,Duitstalige gebieden,81.30750682149882,80.46037185100577,64.66146329081795
Wallonia,Wallonië,85.13162177815167,84.3349228560115,66.52620950979853
