REGION,Regio,Minstens één dosis,Volledig gevaccineerd,Boosterprik
Brussels,Brussel,75.37115490297188,74.05415192653246,47.453614240319695
Flanders,Vlaanderen,93.661565426551,93.08842408506314,84.0951879285671
Ostbelgien,Duitstalige gebieden,81.29640205596802,80.43657592486832,64.53137889459991
Wallonia,Wallonië,85.1156983683437,84.31723800706548,66.43799663776497
