REGION,Regio,Minstens één dosis,Volledig gevaccineerd,Boosterprik
Brussels,Brussel,75.48678179236502,74.16999058678529,47.84507267446478
Flanders,Vlaanderen,93.6995846599199,93.12234119418432,84.19542892836665
Ostbelgien,Duitstalige gebieden,81.33606193286376,80.48416777714323,64.77251094612603
Wallonia,Wallonië,85.14736904404585,84.35172698538851,66.62516716057421
