REGION,Regio,Minstens één dosis,Volledig gevaccineerd,Boosterprik
Brussels,Brussel,75.37973162278952,74.06410515693808,47.486862265291705
Flanders,Vlaanderen,93.66393347100312,93.09064296136079,84.10167674328626
Ostbelgien,Duitstalige gebieden,81.29957484611968,80.4413351100958,64.55041563550988
Wallonia,Wallonië,85.1179530104404,84.31956310672771,66.45483599592474
