REGION,Regio,Minstens één dosis,Volledig gevaccineerd,Boosterprik
Brussels,Brussel,75.45808684087643,74.14574282335028,47.73908135918773
Flanders,Vlaanderen,93.69192114598435,93.11574050334929,84.17437757256798
Ostbelgien,Duitstalige gebieden,81.32337077225712,80.46989022146074,64.72650548892696
Wallonia,Wallonië,85.14113354949714,84.34482214396736,66.58398471352659
