REGION,Regio,Minstens één dosis,Volledig gevaccineerd,Boosterprik
Brussels,Brussel,75.34245995148329,74.02333926644692,47.35556433228118
Flanders,Vlaanderen,93.65533765610215,93.08256923500045,84.07710128983838
Ostbelgien,Duitstalige gebieden,81.28053810520971,80.41753918395838,64.49013262262834
Wallonia,Wallonië,85.10791280735351,84.30885355676837,66.39589824236558
