REGION,Regio,Minstens één dosis,Volledig gevaccineerd,Boosterprik
Brussels,Brussel,75.56248987470578,74.25734606640923,48.186764956581676
Flanders,Vlaanderen,93.73122695468551,93.15178325867156,84.28114467912532
Ostbelgien,Duitstalige gebieden,81.36778983438036,80.5095500983565,64.88038581128244
Wallonia,Wallonië,85.1662869003885,84.37230059452094,66.76344013291116
