REGION,Regio,Minstens één dosis,Volledig gevaccineerd,Boosterprik
Brussels,Brussel,75.5273359119965,74.21012116469737,47.98388847299445
Flanders,Vlaanderen,93.71504220992621,93.1370715494376,84.22636267439854
Ostbelgien,Duitstalige gebieden,81.35033948854623,80.49209975252238,64.82327558855258
Wallonia,Wallonië,85.15596486703953,84.36028757959943,66.68044112072621
