REGION,Regio,Minstens één dosis,Volledig gevaccineerd,Boosterprik
Brussels,Brussel,75.58557289841245,74.29355888341696,48.34908732053743
Flanders,Vlaanderen,93.7417433095752,93.16261659588947,84.32570866527132
Ostbelgien,Duitstalige gebieden,81.3868265752903,80.52700044419062,64.93908242908813
Wallonia,Wallonië,85.17259285250273,84.37927589350763,66.81124559111784
