REGION,Regio,Minstens één dosis,Volledig gevaccineerd,Boosterprik
Brussels,Brussel,75.59774972284488,74.30764164558664,48.414418630753154
Flanders,Vlaanderen,93.74728117730966,93.16841550789425,84.3481957645567
Ostbelgien,Duitstalige gebieden,81.38999936544197,80.53334602449394,64.96763754045307
Wallonia,Wallonië,85.17551684147189,84.38332720352514,66.84027410811291
