REGION,Regio,Minstens één dosis,Volledig gevaccineerd,Boosterprik
Brussels,Brussel,76.49586993880881,75.18447889015127,48.91440963049162
Flanders,Vlaanderen,94.94344196193416,94.35441421199592,85.3288831500585
Ostbelgien,Duitstalige gebieden,82.5195126594327,81.65016815787803,65.6688241639698
Wallonia,Wallonië,86.41951561832855,85.61002864804614,67.60287156854041
