REGION,Regio,Minstens één dosis,Volledig gevaccineerd,Boosterprik
Brussels,Brussel,76.51545874333054,75.2044912363924,49.05174303300343
Flanders,Vlaanderen,94.95138516615934,94.36144376127501,85.34969210760617
Ostbelgien,Duitstalige gebieden,82.53537661019101,81.66127292340884,65.71324322609303
Wallonia,Wallonië,86.42427150400128,85.61524250789478,67.64549839568123
