REGION,Regio,Minstens één dosis,Volledig gevaccineerd,Boosterprik
Brussels,Brussel,75.56714883361904,74.26486393192837,48.218001158386606
Flanders,Vlaanderen,93.73428490185202,93.15527006428215,84.291903432266
Ostbelgien,Duitstalige gebieden,81.36937622945618,80.51113649343232,64.8946633669649
Wallonia,Wallonië,85.16730853508857,84.37335745800377,66.76974608502537
