REGION,Regio,Minstens één dosis,Volledig gevaccineerd,Boosterprik
Brussels,Brussel,76.5057172837846,75.19474977684646,48.994670786315794
Flanders,Vlaanderen,94.94728304191159,94.35795695566442,85.34299818667462
Ostbelgien,Duitstalige gebieden,82.53379021511518,81.65968652833303,65.71007043594138
Wallonia,Wallonië,86.42229869216666,85.61330492484291,67.62841243604214
