REGION,Regio,Minstens één dosis,Volledig gevaccineerd,Boosterprik
Brussels,Brussel,76.53483577699258,75.22249175946642,49.17891143424991
Flanders,Vlaanderen,94.95845200747706,94.36893946103682,85.369661994285
Ostbelgien,Duitstalige gebieden,82.5559997461768,81.68189605939463,65.75131670791295
Wallonia,Wallonië,86.43004902437409,85.6209143419193,67.70390771749898
